{"state_rates": {"AK": 0.1280193236714976, "AL": 0.2873594001071237, "AR": 0.2413683877098511, "AZ": 0.2699312019425334, "CA": 0.2607620885083805, "CO": 0.2486715440893338, "CT": 0.1717100633356791, "DC": 0.2602870813397129, "DE": 0.2434607645875251, "FL": 0.3351737052821903, "GA": 0.3358431595397073, "HI": 0.1866108786610878, "IA": 0.1774827005797643, "ID": 0.1937489207390778, "IL": 0.2835061927298358, "IN": 0.2175157977883096, "KS": 0.1767105507138884, "KY": 0.23212835093419978, "LA": 0.252192146397255, "MA": 0.1643245059067241, "MD": 0.2463431622939401, "ME": 0.1274089935760171, "MI": 0.277124355755253, "MN": 0.163491960999548, "MO": 0.21511894920547436, "MS": 0.2201732948233725, "MT": 0.0922055569215638, "NC": 0.259726603575184, "ND": 0.0850485436893203, "NE": 0.1524049217002237, "NH": 0.1416086130462318, "NJ": 0.24457796852646627, "NM": 0.1424, "NV": 0.3175004866653689, "NY": 0.2559781777392546, "OH": 0.2102171019415247, "OK": 0.20246825254873901, "OR": 0.2081287506819421, "PA": 0.1734524468337418, "RI": 0.1402029664324746, "SC": 0.2657496561210454, "SD": 0.1246040126715945, "TN": 0.3029657254484106, "TX": 0.24684873949579833, "UT": 0.223724601666423, "VA": 0.24786995515695057, "VT": 0.0997398091934085, "WA": 0.2022043238660449, "WI": 0.16781465247338762, "WV": 0.2085336538461538, "WY": 0.0963375796178344}, "sector_rates": {"0": 0.118885394828791, "11": 0.1376127093173035, "21": 0.1102629346904156, "22": 0.1832229580573951, "23": 0.27761081183253, "31": 0.2334595678324794, "32": 0.20016431398909554, "33": 0.17222098792860838, "42": 0.24893689402959676, "44": 0.2602598016758538, "45": 0.2952450427747198, "48": 0.2822516345080529, "49": 0.2462834489593657, "51": 0.2812267855247798, "52": 0.2918275063416786, "53": 0.3176331560732675, "54": 0.22385869565217387, "55": 0.155688622754491, "56": 0.2541200756924135, "61": 0.24741930198263143, "62": 0.1298889794255449, "71": 0.24650334075723832, "72": 0.2280310224754669, "81": 0.2423705344779839, "92": 0.3232323232323232}}